Designator,Mid X,Mid Y,Rotation,Layer
D1,115.025,-90.4,0.0,top
D2,115.022293,-93.109293,0.0,top
J1,103.46,-91.495,270.0,top
P,104.75,-91.5,270.0,top
Q2,123.8051,-91.465,0.0,top
R1,117.439,-85.15,180.0,top
R11_2,111.58,-82.15,90.0,top
R11,123.05,-82.15,90.0,top
R13,111.57,-100.8,270.0,top
R14,123.04,-100.8,270.0,top
R16,111.5875,-90.4,180.0,top
R17,111.584793,-93.109293,180.0,top
R2,117.44,-97.85,0.0,top
R3,118.3875,-90.4,0.0,top
R4,118.344793,-93.11,0.0,top
